<?xml version="1.0" encoding="UTF-8"?>
<DockingPaneLayouts CompactMode="1">
	<DSP_PANE_SECTION>
		<Summary Panes="8" TopContainer="3" Client="8"/>
		<Pane-1 Type="0" DockingCX="360" DockingCY="286" Title="XRef View\n\n" ID="59502" DockingHolder="5" LastHolder="5"/>
		<Pane-2 Type="0" DockingCX="360" DockingCY="286" Title="Data4\n\n" ID="59504" DockingHolder="6" LastHolder="6"/>
		<Pane-3 Type="2" Horiz="1" Panes="2" Pane-1="4" Pane-2="7"/>
		<Pane-4 Type="2" DockingCX="360" DockingCY="286" Panes="2" Pane-1="5" Pane-2="6"/>
		<Pane-5 Type="1" DockingCX="360" DockingCY="286" Panes="1" Selected="1" Pane-1="1"/>
		<Pane-6 Type="1" DockingCX="360" DockingCY="286" Panes="1" Selected="2" Pane-1="2"/>
		<Pane-7 Type="2" DockingCX="1248" Panes="1" Pane-1="8"/>
		<Pane-8 Type="4" DockingCX="1248"/>
	</DSP_PANE_SECTION>
</DockingPaneLayouts>
